{"cameraMode":{"drawMode":0,"name":"Shaded","section":"Shading Mode"},"sceneLighting":false,"audioPlay":false,"sceneViewState":{"m_AlwaysRefresh":false,"showFog":true,"showSkybox":false,"showFlares":true,"showImageEffects":true,"showParticleSystems":true,"showVisualEffectGraphs":true,"m_FxEnabled":true},"in2DMode":false,"pivot":{"x":-0.42269206047058108,"y":0.3405972421169281,"z":1.3717155456542969},"rotation":{"x":-0.10826826840639115,"y":-0.5664991140365601,"z":0.07454513758420944,"w":-0.8136950731277466},"size":1.2173619270324708,"orthographic":false}