{"cameraMode":{"drawMode":0,"name":"Shaded","section":"Shading Mode"},"sceneLighting":false,"audioPlay":false,"sceneViewState":{"m_AlwaysRefresh":false,"showFog":true,"showSkybox":false,"showFlares":true,"showImageEffects":true,"showParticleSystems":true,"showVisualEffectGraphs":true,"m_FxEnabled":true},"in2DMode":false,"pivot":{"x":-0.4064338207244873,"y":4.516115188598633,"z":8.552560806274414},"rotation":{"x":0.008064191788434983,"y":0.9873377084732056,"z":0.053060416132211688,"w":-0.14979617297649384},"size":7.628912925720215,"orthographic":false}