{"cameraMode":{"drawMode":0,"name":"Shaded","section":"Shading Mode"},"sceneLighting":true,"audioPlay":false,"sceneViewState":{"m_AlwaysRefresh":false,"showFog":true,"showSkybox":true,"showFlares":true,"showImageEffects":true,"showParticleSystems":true,"showVisualEffectGraphs":true,"m_FxEnabled":true},"in2DMode":false,"pivot":{"x":242.08392333984376,"y":1013.685791015625,"z":48.91071319580078},"rotation":{"x":-0.05828559771180153,"y":-0.0006243776297196746,"z":-0.0006528736557811499,"w":-0.9984491467475891},"size":969.285400390625,"orthographic":false}